Area,Property,Low EUR / room for two,High EUR / room for two,Room / bathroom / meals,Notes,Official,Booking search,Google Maps
Fukuoka / Hakata,WeBase HAKATA,55,100,Private bunk room; shared showers/toilets; room only,Very compact 4.78 m² private room for two with one bunk bed. A good low-cost base for Route C if you pack light. Sumo and festival dates can exceed this planning range.,https://we-base.jp/hakata/en/room/,https://www.booking.com/searchresults.html?ss=WeBase+HAKATA+Fukuoka+%2F+Hakata+Japan&group_adults=2&no_rooms=1&group_children=0,https://www.google.com/maps/search/?api=1&query=WeBase+HAKATA+Fukuoka+%2F+Hakata+Japan
Tokyo / Asakusa,K’s House Tokyo Oasis,65,110,Private room; ensuite; room only,"Choose the double with shower or private bunk twin for two. Reception/check-in ends at 19:00: use later Tokyo nights, not your late November 1 arrival unless late check-in is agreed. Website rates may be per person; compare the total for two.",https://kshouse.jp/tokyo-oasis-e/room.html,https://www.booking.com/searchresults.html?ss=K%E2%80%99s+House+Tokyo+Oasis+Tokyo+%2F+Asakusa+Japan&group_adults=2&no_rooms=1&group_children=0,https://www.google.com/maps/search/?api=1&query=K%E2%80%99s+House+Tokyo+Oasis+Tokyo+%2F+Asakusa+Japan
Tokyo / Kuramae,Nui. Hostel & Bar Lounge,65,115,Private room; shared bathrooms; room only,"Atmospheric lounge and café. Choose a private double or bunk twin, not dorm beds. Economy doubles are very small (6.5 m²); a standard double gives slightly more room.",https://backpackersjapan.co.jp/nuihostel/hostelen,https://www.booking.com/searchresults.html?ss=Nui.+Hostel+%26+Bar+Lounge+Tokyo+%2F+Kuramae+Japan&group_adults=2&no_rooms=1&group_children=0,https://www.google.com/maps/search/?api=1&query=Nui.+Hostel+%26+Bar+Lounge+Tokyo+%2F+Kuramae+Japan
Takayama,Country Hotel Takayama,55,105,Room only,Simple business-hotel alternative to an onsen hotel. Prioritise location and price over ryokan atmosphere; check bed size and the nonsmoking room choice.,https://hpdsp.jp/country-hotel/en/,https://www.booking.com/searchresults.html?ss=Country+Hotel+Takayama+Takayama+Japan&group_adults=2&no_rooms=1&group_children=0,https://www.google.com/maps/search/?api=1&query=Country+Hotel+Takayama+Takayama+Japan
Shuzenji,Hostel Knot,65,120,Private room if offered; no meals,"Budget base in the onsen town, not a ryokan/onsen package. Check the exact room and shared bathrooms; use local baths separately.",https://hostelknot.com/en/,https://www.booking.com/searchresults.html?ss=Hostel+Knot+Shuzenji+Japan&group_adults=2&no_rooms=1&group_children=0,https://www.google.com/maps/search/?api=1&query=Hostel+Knot+Shuzenji+Japan
Kyoto / Sanjo,Piece Hostel Sanjo,70,130,Private room only; no meals assumed,"Budget design-hostel option. Select a PRIVATE room for two, not two dorm beds; confirm whether its bathroom is ensuite or shared. Exact November room types and rates unverified.",https://corp.piecehotel.com/project/piecehostelsanjo-en,https://www.booking.com/searchresults.html?ss=Piece+Hostel+Sanjo+Kyoto+%2F+Sanjo+Japan&group_adults=2&no_rooms=1&group_children=0,https://www.google.com/maps/search/?api=1&query=Piece+Hostel+Sanjo+Kyoto+%2F+Sanjo+Japan
Kanazawa,Hotel Forza Kanazawa,70,130,Room only,"Practical value alternative to KUMU/UAN, about a ten-minute walk from Kanazawa Station according to the hotel. Planning range, not availability.",https://www.hotelforza.jp/kanazawa/en/,https://www.booking.com/searchresults.html?ss=Hotel+Forza+Kanazawa+Kanazawa+Japan&group_adults=2&no_rooms=1&group_children=0,https://www.google.com/maps/search/?api=1&query=Hotel+Forza+Kanazawa+Kanazawa+Japan
Ito,K’s House Ito Onsen,75,130,"Private room, no meals",Heritage ryokan converted to a hostel with natural onsen. Choose a PRIVATE room for two; shared facilities and sound transmission are trade-offs.,https://kshouse.jp/ito-e/index.html,https://www.booking.com/searchresults.html?ss=K%E2%80%99s+House+Ito+Onsen+Ito+Japan&group_adults=2&no_rooms=1&group_children=0,https://www.google.com/maps/search/?api=1&query=K%E2%80%99s+House+Ito+Onsen+Ito+Japan
Tokyo / Kinshicho,Sotetsu Fresa Inn Tokyo-Kinshicho,80,140,Room only,"Under-€150 candidate: compact private-bathroom rooms near Kinshicho Station. Check double-bed width and luggage space; western Tokyo outings take longer. Planning target, not a dated quote.",https://www.sotetsu-hotels.com/fresa-inn/kinshicho/,https://www.booking.com/searchresults.html?ss=Sotetsu+Fresa+Inn+Tokyo-Kinshicho+Tokyo+%2F+Kinshicho+Japan&group_adults=2&no_rooms=1&group_children=0,https://www.google.com/maps/search/?api=1&query=Sotetsu+Fresa+Inn+Tokyo-Kinshicho+Tokyo+%2F+Kinshicho+Japan
Nagasaki,Hotel H2 Nagasaki,85,150,Room only,Central base with rooftop bathing; do not assume every hotel bath is a natural onsen.,https://hotel-h2.jp/,https://www.booking.com/searchresults.html?ss=Hotel+H2+Nagasaki+Nagasaki+Japan&group_adults=2&no_rooms=1&group_children=0,https://www.google.com/maps/search/?api=1&query=Hotel+H2+Nagasaki+Nagasaki+Japan
Kyoto / Karasuma-Nijo,hotel MONday Kyoto Karasuma-Nijo,90,145,Room only,Under-€150 candidate with a practical central location. November foliage weekends may exceed the target; compare the total stay price and cancellation terms.,https://hotel-monday.com/karasumanijo/access/?wovn=en,https://www.booking.com/searchresults.html?ss=hotel+MONday+Kyoto+Karasuma-Nijo+Kyoto+%2F+Karasuma-Nijo+Japan&group_adults=2&no_rooms=1&group_children=0,https://www.google.com/maps/search/?api=1&query=hotel+MONday+Kyoto+Karasuma-Nijo+Kyoto+%2F+Karasuma-Nijo+Japan
Beppu,Nogami Honkan,75,145,Room only; plan varies,Value traditional lodging. Bathroom and toilet arrangements depend on room type.,https://www.yukemuri.net/reservation,https://www.booking.com/searchresults.html?ss=Nogami+Honkan+Beppu+Japan&group_adults=2&no_rooms=1&group_children=0,https://www.google.com/maps/search/?api=1&query=Nogami+Honkan+Beppu+Japan
